2018HU0998155,6
2018HU0692879,6
2018HU1325425,6
2018GQ0134160,6
2018GQ0102377,6
2018HU0001057,6
2018HU0901147,6
2018HU1052039,6
2018HU1019014,6
2018HU1199246,6
2018HU0849752,6
2018HU0392142,6
2018HU1309853,6
2018HU1060364,6
2018HU0225267,6
2018GQ0050591,6
2018HU0492439,6
2018HU0927438,6
2018HU0646701,6
2018HU0606526,6
2018HU0914480,6
2018HU0158305,6
2018HU0302846,6
2018HU0408783,6
2018HU0990889,6
2018HU1000240,6
2018HU0725121,6
2018HU0427397,6
2018HU0290579,6
2018GQ0001990,6
2018HU0882562,6
2018HU0785603,6
2018HU0518734,6
2018GQ0066702,6
2018GQ0077239,6
2018HU0066781,6
2018HU1147688,6
2018HU0681835,6
2018HU0167147,6
2018HU0191972,6
2018GQ0047147,6
2018HU0892971,6
2018HU1364596,6
2018HU1064311,6
2018HU1174359,6
2018HU0001057,6
2018HU1059679,6
2018GQ0110176,6
2018HU0774193,6
2018GQ0099202,6
2018HU0738573,6
2018HU0576106,6
2018GQ0064051,6
2018GQ0081608,6
2018HU1134727,6
2018HU0785603,6
2018HU0463750,6
2018HU0272241,6
2018GQ0038984,6
2018HU0361366,6
2018HU0066173,6
2018HU0286099,6
2018HU0629200,6
2018GQ0124244,6
2018HU0090443,6
2018HU0211456,6
2018HU1147688,6
2018GQ0038347,6
2018HU0864012,6
2018HU0843688,6
2018HU0864012,6
2018HU0343512,6
2018HU0924559,6
2018HU0994787,6
2018HU0020687,6
2018HU0383794,6
2018HU0300882,6
2018GQ0057653,6
2018HU1309853,6
2018HU0581900,6
2018HU1052039,6
2018GQ0066576,6
2018HU0496314,6
2018HU0221699,6
2018HU1147688,6
2018HU1059679,6
2018HU0675163,6
2018HU0900893,6
2018HU1000240,6
2018HU1309016,6
2018HU0224355,6
2018HU0581900,6
2018HU0701544,6
2018HU0191972,6
2018HU0343512,6
2018HU0001057,6
2018HU1147688,6
2018HU0817586,6
2018HU1203500,6
2018HU1272320,6
2018HU1033915,6
2018HU1158582,6
2018HU1070477,6
2018HU0604664,6
2018HU0988426,6
2018HU0812313,6
2018HU0001057,6
2018HU1158582,6
2018HU1064311,6
2018HU1216279,6
2018HU0612410,6
2018HU0843688,6
2018HU0838037,6
2018GQ0144940,6
2018GQ0125958,6
2018HU1010358,6
2018HU0892971,6
2018HU0885243,6
2018HU0343512,6
2018HU1057074,6
2018GQ0111678,6
2018HU1146200,6
2018GQ0058608,6
2018HU0368160,6
2018GQ0019347,6
2018HU0998155,6
2018HU0403734,6
2018HU0287473,6
