2018HU1278462,4
2018HU1297422,4
2018HU0707826,4
2018HU0225572,4
2018HU0393953,4
2018HU0677879,4
2018HU1244338,4
2018HU0623582,4
2018HU0873650,4
2018GQ0017689,4
2018HU1190164,4
2018HU0873650,4
2018HU0126705,4
2018HU0486560,4
2018HU0075062,4
2018HU0392012,4
2018HU0539791,4
2018HU0138758,4
2018HU0658857,4
2018HU0897700,4
2018GQ0121108,4
2018HU0979655,4
2018HU0089660,4
2018HU1220872,4
2018HU1315000,4
2018HU0494693,4
2018HU1353929,4
2018HU0138545,4
2018HU0905680,4
2018HU1282403,4
2018HU1299876,4
2018HU0548294,4
2018HU0619581,4
2018HU0250097,4
2018HU1333006,4
2018HU0975997,4
2018HU1247872,4
2018HU1220723,4
2018HU1319394,4
2018HU1277052,4
2018HU1353929,4
2018HU0100592,4
2018GQ0071065,4
2018HU0896434,4
2018HU1097623,4
2018HU0446956,4
2018GQ0055486,4
2018HU0026582,4
2018HU1100898,4
2018HU0899459,4
2018HU0622107,4
2018HU0328274,4
2018HU0116119,4
2018HU1224602,4
2018HU0693779,4
2018HU1327035,4
2018HU0421857,4
2018HU0164963,4
2018HU0486560,4
2018HU0021008,4
2018HU0359585,4
2018HU0528889,4
2018HU1216047,4
2018HU0336990,4
2018HU1105124,4
2018HU0334149,4
2018HU0156845,4
2018HU1198611,4
2018HU1244338,4
2018HU1134898,4
2018HU0442895,4
2018HU0339188,4
2018HU0251474,4
2018HU0190586,4
2018HU1343071,4
2018HU0847272,4
2018HU0110853,4
2018HU0143610,4
2018HU0869970,4
2018HU0164963,4
2018HU0457851,4
2018GQ0036734,4
2018HU0550591,4
2018HU0192671,4
2018GQ0100039,4
2018HU0806455,4
2018HU0446956,4
2018HU1400612,4
2018HU0103643,4
2018HU0677879,4
2018HU0337541,4
2018HU0993386,4
2018HU1353929,4
2018HU0783540,4
2018HU0548294,4
2018HU0143610,4
2018HU0979655,4
2018HU1389395,4
2018HU0941203,4
2018GQ0150002,4
2018HU0548294,4
2018HU0070778,4
2018HU0113401,4
2018HU0699660,4
2018HU1219157,4
2018HU0341981,4
2018HU0707826,4
2018HU0951457,4
2018HU1014604,4
2018HU0417205,4
2018HU0376235,4
2018HU1394936,4
2018HU1360901,4
2018HU1122086,4
2018HU0560653,4
2018HU1030278,4
2018HU1247872,4
2018HU1252186,4
2018HU0180986,4
2018HU1219157,4
2018HU0731903,4
2018HU0164746,4
2018HU0658857,4
2018HU0420800,4
2018HU0811190,4
2018HU0905680,4
2018HU0208392,4
2018HU0208392,4
2018HU1299876,4
2018HU1319394,4
2018HU0059339,4
2018HU0006693,4
2018HU0874777,4
2018HU1203500,4
2018HU0015058,4
2018HU0019527,4
2018HU0365153,4
2018HU0096254,4
2018HU0180986,4
2018HU1380529,4
2018HU1282403,4
2018HU0964832,4
2018HU0568737,4
2018HU0480968,4
2018HU0966928,4
2018HU0547195,4
2018HU0583386,4
2018HU1276187,4
2018HU1124954,4
2018HU1315000,4
2018HU0192671,4
2018HU1076206,4
2018HU0328274,4
2018HU1297159,4
2018HU0201054,4
2018HU0834919,4
2018HU0457851,4
2018HU1173550,4
2018HU0376235,4
2018HU0026582,4
2018HU0897700,4
2018HU0619581,4
2018HU1327035,4
2018HU0267843,4
2018HU1166141,4
2018HU1302425,4
2018HU0154660,4
2018HU0246823,4
2018HU0154038,4
2018HU0841986,4
2018GQ0054630,4
2018HU1246719,4
2018HU0331345,4
2018HU0948507,4
2018HU0180986,4
2018HU0510431,4
2018HU1360901,4
2018HU0658857,4
2018HU0336990,4
2018HU0164963,4
2018HU0208392,4
2018HU0963120,4
2018GQ0046785,4
2018HU0573100,4
2018HU0338041,4
2018HU0104522,4
2018HU0810676,4
2018HU0007391,4
2018HU0899459,4
2018HU0693779,4
2018HU0180986,4
2018HU1290308,4
2018HU0399060,4
2018HU1131204,4
2018HU0337604,4
2018HU0858089,4
2018HU0318775,4
2018HU0562894,4
2018HU0571676,4
2018HU1187025,4
2018HU0720911,4
2018HU1097623,4
2018HU1383654,4
2018HU0239908,4
2018HU0832436,4
2018HU1026876,4
2018HU1219157,4
2018HU0896434,4
2018HU0897700,4
2018HU0730479,4
2018HU0167932,4
2018HU1233782,4
2018HU0332506,4
2018GQ0042303,4
2018HU0096254,4
2018HU1217084,4
2018HU0446956,4
2018HU0138545,4
2018HU0847946,4
2018HU1349168,4
2018HU1220872,4
2018HU1105124,4
2018HU1123854,4
2018HU0975997,4
2018HU0104522,4
2018HU1217084,4
2018HU0335291,4
2018HU1220872,4
2018HU0910299,4
2018HU1283991,4
2018HU0533419,4
2018HU0568930,4
2018HU0334149,4
2018HU1203500,4
2018HU0941203,4
2018HU0216341,4
2018HU0847946,4
2018HU0979227,4
2018HU0025534,4
2018HU0770423,4
2018HU1233782,4
2018HU0156845,4
2018HU0528889,4
2018HU0398291,4
2018HU0303247,4
2018HU0427907,4
2018GQ0109087,4
2018HU0381942,4
2018HU1400612,4
2018HU0434514,4
2018HU1159766,4
2018HU0009453,4
2018HU0480109,4
2018HU0470650,4
2018HU0156845,4
2018HU0287062,4
2018HU1279566,4
2018HU0473921,4
2018HU0096254,4
2018HU0282985,4
2018HU0641501,4
2018HU1122086,4
2018HU0897700,4
2018HU0197624,4
2018HU0369358,4
2018HU1042012,4
2018HU0561409,4
2018HU1072129,4
2018HU1136674,4
2018HU1233798,4
2018HU0075062,4
2018HU1382135,4
2018HU0554478,4
2018HU0026582,4
2018HU1194011,4
2018HU1278173,4
2018HU0470650,4
2018HU1286831,4
2018HU0666830,4
2018HU1302425,4
2018HU0634895,4
2018HU0436704,4
2018HU0413534,4
2018HU1399923,4
2018HU1110345,4
2018HU0492049,4
2018GQ0123182,4
2018HU0156845,4
2018HU0803763,4
2018HU0417205,4
2018HU1319394,4
2018HU1389395,4
2018HU1369764,4
2018HU1220872,4
2018HU0032674,4
2018HU0290555,4
2018HU0501926,4
2018HU0619581,4
2018GQ0004732,4
2018HU1311168,4
2018HU0180986,4
2018HU0164032,4
2018HU1055504,4
2018GQ0055075,4
2018HU1336356,4
2018HU0470650,4
2018HU0951747,4
2018HU0687104,4
2018HU0328274,4
2018HU0964832,4
2018GQ0150715,4
2018HU0287062,4
2018HU0689695,4
2018HU0487558,4
2018HU0322271,4
2018HU0432572,4
2018HU0765411,4
2018HU0561409,4
2018HU0801698,4
2018HU1380529,4
2018HU1377546,4
2018HU0439591,4
2018HU0165911,4
2018HU0699660,4
2018HU1343071,4
2018HU1224602,4
2018HU0623582,4
2018HU0418151,4
2018HU0278794,4
2018HU0250097,4
2018GQ0013013,4
2018HU1319394,4
2018HU0157777,4
2018HU0964832,4
2018HU0559763,4
2018HU0516129,4
2018HU1148350,4
2018HU1216728,4
2018HU0834919,4
2018HU0897700,4
2018HU1100524,4
2018HU0215481,4
2018HU0820204,4
2018HU1237206,4
2018HU0873650,4
2018HU0250097,4
2018HU0026582,4
2018HU0860655,4
2018HU1136674,4
2018HU1203656,4
2018HU0009453,4
2018HU0354695,4
2018HU1238410,4
2018HU0150637,4
2018HU0133748,4
2018HU0979655,4
2018HU0881694,4
2018HU1158412,4
2018HU0067759,4
2018HU0377429,4
2018HU1147994,4
2018HU0311476,4
2018HU0215481,4
2018HU0571805,4
2018HU0767218,4
2018HU0918909,4
2018HU1394936,4
2018HU0979655,4
2018HU0319092,4
2018HU0571854,4
2018HU0192671,4
2018HU0301408,4
2018HU0191771,4
2018HU0113401,4
2018HU0720911,4
2018HU0922144,4
2018HU0153786,4
2018HU0502328,4
2018HU0432572,4
2018HU0154660,4
2018HU0707826,4
2018HU0327732,4
2018HU1220872,4
2018HU0500089,4
2018GQ0086823,4
2018HU0930230,4
2018HU1299876,4
2018GQ0078102,4
