2018HU1296546,0
2018HU0797135,1
2018GQ0056212,1
2018HU1278462,1
2018HU0143803,0
2018HU1199963,1
2018HU0474613,1
2018HU1053291,1
2018HU1256208,1
2018HU0144706,1
2018HU0492679,1
2018HU1116423,1
2018HU0906960,0
2018HU0532834,1
2018HU1033543,0
2018HU0730618,1
2018HU1003588,0
2018HU0421206,1
2018HU1297422,1
2018HU1192034,1
2018HU0262178,1
2018GQ0031125,0
2018GQ0096529,1
2018HU1129697,1
2018HU0998155,1
2018HU0717151,1
2018HU1163339,1
2018HU0550043,1
2018HU1057836,0
2018GQ0027960,1
2018HU0707826,1
2018HU1179721,1
2018HU0590816,1
2018HU0225572,1
2018HU0393953,1
2018HU0911170,0
2018HU0049108,1
2018HU0404286,1
2018GQ0127354,1
2018HU0183370,1
2018HU0919538,1
2018HU0257372,1
2018HU0677879,0
2018GQ0014211,1
2018HU1244338,1
2018HU1139132,1
2018HU0291816,1
2018HU1015873,1
2018HU0650846,1
2018GQ0044715,0
2018HU0024789,0
2018HU1257258,1
2018HU0661597,1
2018HU0176459,0
2018HU1226819,1
2018HU0226686,1
2018HU0304043,0
2018HU0511216,1
2018HU1103119,1
2018HU0796769,0
2018HU0876704,1
2018HU1169586,1
2018HU0439186,1
2018HU1335220,1
2018HU0760418,1
2018HU0623582,0
2018HU0385625,0
2018HU0692879,0
2018GQ0000488,1
2018HU0952976,1
2018HU0815906,1
2018HU1161940,1
2018GQ0024726,0
2018HU0236846,1
2018HU0540338,1
2018HU0916744,1
2018HU0793328,1
2018HU0255216,1
2018HU0144706,1
2018HU0430162,1
2018HU0631958,1
2018HU0873650,1
2018GQ0053185,0
2018HU1325425,1
2018HU0163561,1
2018HU0033083,1
2018HU0874740,1
2018HU0566152,1
2018HU0186398,1
2018HU0244473,1
2018HU0839853,1
2018HU0781647,1
2018HU1281423,1
2018HU1201520,1
2018HU0633550,1
2018HU0850541,0
2018GQ0015983,1
2018GQ0017689,1
2018GQ0001712,0
2018HU0926834,1
2018HU0508281,1
2018HU0405137,1
2018HU1190164,1
2018HU0873650,1
2018HU0051810,1
2018HU1192936,1
2018HU0126705,1
2018HU0660108,1
2018HU1303047,1
2018HU1017729,1
2018HU0748447,1
2018HU0710898,1
2018HU0581313,1
2018HU0676842,1
2018HU0486560,1
2018HU1009288,1
2018GQ0134160,0
2018HU0362666,1
2018HU0075062,1
2018HU1007004,1
2018HU1311869,1
2018HU0545178,1
2018HU0910101,0
2018HU0616855,1
2018HU1084668,1
2018HU0392012,1
2018HU1108324,0
2018HU1375554,1
2018HU1210480,1
2018HU0730856,0
2018HU0657843,0
2018HU0969150,1
2018HU0815804,0
2018HU0539791,1
2018HU0182234,0
2018HU1250886,1
2018HU0112432,1
2018GQ0102377,0
2018HU0701353,1
2018GQ0137306,1
2018HU0073261,1
2018HU0712576,1
2018HU1089955,1
2018GQ0058626,1
2018HU0138758,0
2018HU1373305,1
2018HU0658857,1
2018HU1228186,1
2018HU0924687,1
2018HU0973719,1
2018HU0897700,1
2018HU1167677,1
2018GQ0121108,1
2018HU0557168,1
2018GQ0124050,1
2018HU1273949,0
2018HU0979655,0
2018HU0646701,1
2018HU1187841,1
2018HU0095306,1
2018HU0341909,0
2018HU0227495,1
2018GQ0103300,1
2018HU0089660,1
2018HU1142313,1
2018HU0198057,0
2018HU0052739,1
2018GQ0105176,1
2018HU0457295,1
2018HU0544293,1
2018HU0006281,1
2018HU0376023,1
2018HU1220872,0
2018HU0104235,1
2018HU0519676,1
2018HU0001057,1
2018HU1346725,1
2018HU1173141,0
2018HU0142442,1
2018HU1392251,0
2018HU0587305,1
2018HU0057622,1
2018GQ0115113,1
2018HU1392251,1
2018HU0454308,1
2018HU0433510,1
2018HU0206876,1
2018GQ0029709,1
2018GQ0153100,1
2018HU0896588,1
2018HU1315000,1
2018HU0034163,1
2018HU0801920,0
2018HU1196724,1
2018GQ0002437,1
2018HU0494693,0
2018HU1353929,1
2018HU0138545,1
2018HU0616584,1
2018HU0361080,0
2018HU0509627,1
2018HU1038306,1
2018HU0060843,1
2018HU1213500,1
2018HU0446717,1
2018HU0203411,1
2018HU0480799,0
2018HU0635319,1
2018HU1149576,1
2018HU0488748,1
2018GQ0001421,1
2018HU0622756,1
2018HU0905680,1
2018HU1034883,1
2018HU1282403,1
2018HU1303328,1
2018HU1299876,1
2018HU0672423,0
2018HU0218117,1
2018HU0548294,1
2018HU0420205,1
2018HU0619581,1
2018HU1354834,1
2018HU0205801,1
2018HU0250097,0
2018GQ0008773,0
2018HU1339136,1
2018HU0658155,1
2018HU0845312,1
2018HU1023730,1
2018HU0060020,1
2018HU0738781,1
2018HU0408979,1
2018HU1333006,1
2018HU0757678,0
2018HU0682480,1
2018HU1313276,0
2018HU0975997,1
2018GQ0077009,1
2018HU0357549,1
2018HU0901147,1
2018HU0999035,1
2018HU0421533,1
2018HU1052039,1
2018HU1034883,1
2018HU0600737,1
2018GQ0009188,0
2018HU0361080,1
2018HU1247872,1
2018HU0409291,1
2018HU1113160,1
2018HU0146829,1
2018HU0117920,1
2018HU0074680,1
2018HU1274966,1
2018HU1019014,1
2018GQ0045475,1
2018HU1220723,0
2018HU0383327,1
2018HU1140685,1
2018HU0605155,1
2018HU0609564,0
2018HU1392283,0
2018HU0444572,1
2018HU0493547,1
2018HU1146489,1
2018HU1103119,1
2018HU0329688,1
2018HU1226058,0
2018GQ0076897,0
2018HU0973346,1
2018GQ0114206,1
2018HU1254984,1
2018HU0039272,0
2018HU0215300,1
2018HU0815906,1
2018HU0009065,1
2018HU1260619,1
2018HU0194341,1
2018HU0433392,1
2018HU0428043,1
2018HU0203795,1
2018HU1319394,1
2018GQ0139088,1
2018HU0509671,1
2018HU1182619,1
2018HU1298901,1
2018HU1087455,1
2018HU1277052,1
2018HU1353929,1
2018HU1030869,1
2018HU0005458,1
2018HU0134196,0
2018HU0541865,1
2018HU0374912,1
2018HU0100592,1
2018HU1199246,1
2018HU1226058,1
2018GQ0151422,1
2018HU1276711,1
2018HU0849752,1
2018HU0859071,1
2018HU0051285,1
2018HU0484900,1
2018GQ0071065,1
2018HU1037104,0
2018HU0072819,1
2018HU0212023,0
2018HU1204694,1
2018HU1098336,1
2018HU1090650,1
2018HU0941374,0
2018HU0896434,0
2018HU0392142,1
2018HU0111651,0
2018HU0821541,1
2018HU0498622,1
2018HU0629639,1
2018HU0361297,0
2018HU1095481,1
2018HU1225729,1
2018HU1097623,1
2018HU1345014,1
2018HU0647303,0
2018HU0047070,0
2018HU0446956,1
2018HU0112401,1
2018HU0896327,0
2018GQ0055486,1
2018HU0312935,1
2018GQ0008157,0
2018HU0229575,0
2018HU1133843,1
2018HU0105050,1
2018HU0745784,1
2018HU0584983,1
2018HU0781057,1
2018HU0026582,1
2018HU0935080,1
2018HU1248769,1
2018HU1222367,0
2018HU0682587,0
2018HU1298646,1
2018HU0874254,0
2018HU0931388,0
2018HU0085095,1
2018GQ0075858,1
2018HU0775242,1
2018HU1268000,1
2018HU0241782,1
2018HU0760531,1
2018HU0086762,1
2018HU1342238,1
2018HU0748507,1
2018HU0438294,1
2018GQ0118447,1
2018HU0591573,1
2018HU0036443,1
2018HU0392502,1
2018GQ0067856,1
2018HU1345292,1
2018HU0089004,1
2018HU1059273,1
2018HU0848752,1
2018HU0935303,1
2018HU0663510,1
2018HU0552727,1
2018HU0708769,1
2018HU1100898,1
2018HU0460043,1
2018HU1240741,0
2018HU0774160,1
2018HU0941171,1
2018HU0884829,1
2018HU0418829,1
2018HU1398388,1
2018HU0591100,1
2018HU0978409,1
2018HU1113615,1
2018HU0062115,1
2018HU0183443,1
2018HU0944127,0
2018HU1309853,0
2018GQ0103925,1
2018HU0674445,1
2018HU1108045,1
2018HU1060364,1
2018HU1159355,1
2018HU1284517,1
2018HU1263934,1
2018HU0680232,1
2018HU0523686,1
2018HU0899459,1
2018HU1167309,1
2018HU0622107,1
2018HU0369147,1
2018HU0753868,1
2018HU0480536,1
2018HU0457902,1
2018HU0225267,1
2018GQ0101257,1
2018HU0134196,1
2018HU1103119,0
2018HU0946175,1
2018HU0544539,1
2018HU0591971,1
2018HU0646089,1
2018HU0354814,1
2018HU0199157,0
2018HU0052983,0
2018HU0879782,1
2018HU0856564,0
2018HU1208565,1
2018HU0615431,1
2018HU0275961,1
2018HU0328274,1
2018HU0634526,1
2018HU0116119,1
2018HU0543284,1
2018HU0126763,1
2018HU1221424,1
2018HU0927204,1
2018HU0595337,1
2018HU1086885,1
2018HU1224602,1
2018HU0048037,1
2018HU0316328,1
2018HU0536859,1
2018HU1031860,0
2018HU0928109,1
2018HU0936047,0
2018HU0930910,1
2018HU1329698,1
2018HU1393859,1
2018HU0258184,0
2018HU1166987,1
2018HU0899967,0
2018HU1167903,0
2018HU0693779,1
2018HU0909176,1
2018HU0810713,1
2018HU0183814,1
2018GQ0019368,0
2018HU1096179,1
2018HU0227378,1
2018GQ0050591,0
2018HU0048559,1
2018HU1327035,1
2018HU0748211,1
2018GQ0131843,0
2018HU0985167,1
2018HU0421857,1
2018HU0775952,1
2018HU0164963,1
2018HU0601515,1
2018HU1020604,1
2018HU0617287,0
2018HU0486560,1
2018HU0492439,0
2018HU0973719,1
2018HU0021008,1
2018HU0752869,1
2018HU0127892,1
2018HU1182300,0
2018HU0359585,0
2018HU0719757,1
2018HU1155567,1
2018HU0032302,0
2018HU1048533,1
2018HU1105020,1
2018HU1071720,1
2018HU0927438,1
2018HU0761340,1
2018HU0550551,1
2018HU0712035,0
2018HU0333574,1
2018HU0590750,0
2018HU0667433,1
2018HU1218730,1
2018HU0528889,1
2018HU0110223,1
2018HU0059051,0
2018HU0298854,1
2018GQ0084202,1
2018HU1216047,1
2018HU0584982,1
2018HU0940224,1
2018HU0930305,1
2018HU0787120,1
2018HU0880595,0
2018HU0441930,1
2018HU1228010,1
2018HU0492668,0
2018HU0623342,1
2018HU1394075,0
2018HU1100692,0
2018HU0336990,1
2018HU0486535,1
2018GQ0083615,0
2018HU0706611,1
2018HU1210338,0
2018HU1260590,0
2018HU0096374,1
2018HU0791325,1
2018HU0644321,1
2018HU1294596,1
2018HU1105124,1
2018HU1258288,1
2018HU0005810,1
2018HU0619212,1
2018HU0412073,1
2018HU0619658,1
2018HU1051181,1
2018HU0871702,1
2018HU0011662,1
2018HU0116928,1
2018GQ0132847,0
2018HU0505136,1
2018HU0091618,1
2018HU0102814,1
2018HU0408783,0
2018HU1199812,1
2018HU1011193,1
2018HU0905836,1
2018HU0526614,1
2018HU1397736,1
2018HU0799369,0
2018HU0935576,0
2018HU0738978,0
2018HU0832436,0
2018HU1367063,0
2018HU0334149,1
2018HU0316828,1
2018HU0509347,1
2018HU0756874,1
2018HU0565283,1
2018HU0179967,0
2018HU0652909,1
2018HU0998422,0
2018HU1248883,0
2018HU0499259,1
2018HU1060680,1
2018HU0151055,1
2018HU0161562,1
2018HU1115625,0
2018HU0156845,0
2018HU0171310,1
2018HU0546077,1
2018HU1141063,1
2018HU0494418,1
2018HU1138599,1
2018HU1198611,0
2018HU0730724,1
2018HU1093563,1
2018HU0726527,1
2018HU1068303,1
2018HU0296924,1
2018GQ0061113,1
2018HU1267244,0
2018HU0623342,1
2018HU0681374,1
2018HU1383045,1
2018HU0816174,1
2018HU1141963,1
2018HU0611832,1
2018GQ0004321,1
2018HU1244338,0
2018HU0763175,1
2018HU0600129,1
2018HU0831888,0
2018HU0211247,1
2018HU0546559,1
2018HU0734019,1
2018GQ0092763,1
2018HU1266699,1
2018HU1134898,1
2018HU0646701,0
2018HU0156412,1
2018HU0442895,1
2018HU0029645,0
2018HU0614921,1
2018HU0339188,1
2018HU0251474,1
2018HU0306342,1
2018HU0915874,1
2018HU0761555,0
2018HU1140685,1
2018HU0190586,1
2018HU1151851,1
2018HU0571702,1
2018HU0926834,1
2018HU0764612,1
2018HU0292797,1
2018GQ0101211,1
2018HU1018274,1
2018GQ0121619,1
2018HU1343071,0
2018HU0889565,1
2018HU0606526,1
2018HU1309158,1
2018HU0914480,1
2018HU0373546,1
2018HU1158268,1
2018HU1271026,1
2018HU0847272,1
2018HU0900280,1
2018HU0110853,1
2018HU0962141,1
2018HU0158305,1
2018HU0143610,1
2018HU0869970,0
2018HU0094974,1
2018HU1089675,1
2018HU0117075,1
2018HU0625946,1
2018HU0345325,1
2018HU1148272,1
2018HU0580227,1
2018HU0824673,0
2018HU0199950,1
2018HU0215417,1
2018HU0280808,1
2018HU1098240,1
2018HU0164963,1
2018HU1262482,1
2018HU0457851,1
2018GQ0036734,1
2018HU0499259,1
2018HU1053613,1
2018HU0302846,1
2018HU1270520,0
2018HU1096309,1
2018HU1307055,0
2018HU0007919,1
2018HU1108045,1
2018HU1152757,1
2018HU1166417,0
2018HU1143489,0
2018HU0345325,1
2018HU1312695,1
2018HU1066489,1
2018HU0359445,1
2018HU0498473,0
2018HU0534758,0
2018HU0479790,1
2018HU0041440,1
2018HU0550591,0
2018HU1182619,1
2018HU1262553,1
2018HU1054081,0
2018HU0192671,1
2018HU1216184,1
2018HU0408783,0
2018HU0990889,1
2018HU1083344,0
2018HU0208157,1
2018HU0944127,1
2018HU0843011,1
2018HU0503776,0
2018HU0213646,1
2018HU0551218,1
2018HU0588998,1
2018HU1134276,1
2018HU1123330,1
2018HU1000240,1
2018HU0667796,1
2018HU1328779,1
2018HU0858788,1
2018HU1301330,1
2018GQ0100039,1
2018HU0806455,0
2018HU0806855,1
2018GQ0081237,1
2018HU0725121,1
2018HU0281996,1
2018HU0248762,1
2018HU0423932,1
2018HU1255962,1
2018HU0774160,1
2018HU1126344,1
2018HU0937113,1
2018HU1147107,1
2018HU0409864,1
2018HU1151538,1
2018HU1043769,1
2018HU0490283,1
2018HU0296580,0
2018HU0060941,1
2018HU0427397,0
2018HU0351758,1
2018HU0635744,1
2018HU1036342,0
2018HU0508281,1
2018HU1317443,0
2018HU0089065,1
2018HU0446956,0
2018HU0822503,1
2018HU0427397,1
2018HU0032990,1
2018HU0250807,1
2018HU1400612,1
2018HU0103643,1
2018HU0172242,0
2018HU0675822,1
2018GQ0035895,1
2018HU0339878,1
2018HU0556718,0
2018HU1045819,1
2018HU0113060,1
2018HU0493010,1
2018HU0826685,1
2018HU0130458,1
2018GQ0077390,1
2018HU0492959,1
2018HU1077194,0
2018HU0554026,0
2018HU1294269,1
2018GQ0094501,1
2018HU0909440,1
2018HU1385108,1
2018HU0561673,0
2018HU0677879,1
2018HU0290579,1
2018GQ0077361,1
2018HU1232735,1
2018GQ0001990,1
2018HU0432890,1
2018HU1135000,1
2018HU0337541,1
2018HU0894652,1
2018HU1355312,1
2018HU0469827,1
2018HU0348219,1
2018HU1069708,1
2018GQ0032724,0
2018HU0951206,1
2018HU1332888,1
2018HU0214625,1
2018HU0993386,1
2018HU0230932,1
2018HU1281423,1
2018HU1137235,1
2018HU0156634,1
2018HU0983218,1
2018HU0383620,1
2018HU1216184,1
2018HU1353929,1
2018GQ0042728,1
2018HU0541986,0
2018GQ0089120,1
2018GQ0002467,1
2018HU0281313,1
2018HU0717151,1
2018GQ0077391,0
2018HU0783540,1
2018HU1268923,1
2018HU1345292,1
2018HU0917259,1
2018HU1007380,1
2018HU0313613,1
2018HU0548294,1
2018HU0513899,0
2018HU0143610,1
2018HU0585544,1
2018HU1212892,1
2018HU0617016,1
2018HU0306342,1
2018HU0882562,1
2018HU0979655,0
2018HU0117642,0
2018HU0785603,1
2018HU0903398,1
2018HU0518074,1
2018GQ0117620,1
2018HU1181940,1
2018HU1389395,1
2018HU0845158,1
2018HU0518734,1
2018HU0941203,1
2018GQ0150002,1
2018HU0937432,1
2018GQ0009822,1
2018HU1028740,1
2018HU1382870,1
2018HU0548294,1
2018HU0596643,1
2018HU0219744,1
2018HU0061081,1
2018HU0677745,1
2018HU0216068,1
2018HU0070778,1
2018HU0044264,1
2018HU0113401,1
2018GQ0066702,0
2018HU1033811,1
2018HU0699660,1
2018HU1182300,0
2018HU1194133,1
2018HU0284479,1
2018HU1156657,1
2018HU0126977,1
2018HU1343920,1
2018HU1154926,1
2018HU0876273,1
2018HU1392221,0
2018HU0385133,1
2018GQ0077239,1
2018HU0551685,1
2018GQ0078631,1
2018HU0341348,1
2018HU1219157,1
2018HU0182285,1
2018HU0341981,1
2018HU0156639,0
2018HU1318865,1
2018HU1382683,1
2018HU0498526,1
2018HU0066781,1
2018HU0953830,1
2018HU0609539,0
2018HU1251317,1
2018HU1152757,1
2018HU1093443,1
2018HU0707826,1
2018HU1380288,1
2018HU1326350,1
2018HU1300346,1
2018HU0047023,1
2018HU0965300,1
2018HU0951457,0
2018HU1147688,1
2018HU0484554,1
2018HU1014604,1
2018HU0444556,1
2018HU0417205,0
2018HU1166417,1
2018HU0376235,1
2018HU1394936,0
2018HU0005348,1
2018HU0308501,1
2018HU1158694,1
2018HU0862339,0
2018HU0004212,1
2018HU0054914,0
2018HU0823721,1
2018HU1225356,1
2018HU1324708,1
2018HU0362322,1
2018HU1099914,1
2018HU0203411,1
2018HU0707692,1
2018HU0681835,1
2018HU0585544,1
2018HU1182412,1
2018HU0961912,1
2018HU0986704,1
2018HU0349244,1
2018HU1291576,1
2018HU0592210,1
2018HU0384227,1
2018HU0253069,1
2018HU0659757,1
2018HU0327360,1
2018HU1221091,1
2018HU0536138,1
2018HU0925684,1
2018HU1360901,1
2018GQ0034902,1
2018HU0954295,1
2018HU0981188,1
2018HU0876893,0
2018HU0218863,1
2018HU1122086,1
2018HU0442281,1
2018HU0560653,1
2018HU0357615,1
2018HU1057094,1
2018HU1030278,0
2018HU1201019,0
2018HU1247872,1
2018HU0577891,1
2018HU1045748,1
2018HU1096420,0
2018HU0133920,1
2018HU0536771,1
2018HU0051115,1
2018HU1132051,1
2018HU0757678,1
2018HU1285052,1
2018HU1082390,1
2018HU0697935,1
2018HU1252186,1
2018HU0461260,1
2018HU0672737,1
2018HU0881370,0
2018HU1127707,0
2018HU0742154,1
2018HU0428060,1
2018HU0180986,0
2018HU0251259,1
2018GQ0084301,1
2018HU1393263,1
2018HU1152757,1
2018HU1008855,0
2018GQ0094906,1
2018HU0167147,1
2018HU1139987,1
2018HU0475619,0
2018HU0457599,1
2018HU0630960,1
2018HU1219157,1
2018GQ0107250,0
2018HU0191972,1
2018HU0944412,1
2018HU0731903,0
2018HU0844841,1
2018HU0913720,1
2018HU0673444,1
2018HU1087666,1
2018HU0366625,0
2018HU1316989,1
2018HU1087956,1
2018HU0470604,1
2018HU0879626,1
2018HU0871702,1
2018HU0267609,1
2018HU0635319,1
2018HU0164746,1
2018HU0882997,1
2018HU0899777,1
2018GQ0047147,0
2018HU0719143,1
2018HU0842671,0
2018HU0658857,1
2018HU0522364,1
2018HU0420800,1
2018HU0988190,1
2018HU0352487,1
2018HU0120358,1
2018HU1372267,1
2018HU0084916,0
2018GQ0011997,1
2018HU0681374,1
2018HU0807170,0
2018HU0552124,1
2018HU0892971,1
2018HU0811190,1
2018HU0302138,1
2018HU0905680,1
2018HU0545710,1
2018HU0208392,1
2018HU1163122,1
2018HU0633267,1
2018HU0399320,1
2018HU1067884,1
2018HU1132101,0
2018HU0208392,1
2018HU0916744,1
2018HU0861150,1
2018HU1299876,1
2018HU1319394,1
2018HU0557630,1
2018HU0025173,1
2018HU1304010,1
2018HU0162015,1
2018GQ0077889,1
2018HU0059339,1
2018HU0988787,1
2018HU0080656,1
2018HU0124806,1
2018HU0871171,1
2018HU1069273,1
2018GQ0091022,1
2018HU0269902,0
2018HU0006693,1
2018HU0401532,1
2018HU0522390,1
2018GQ0068700,1
2018HU0874777,1
2018GQ0134926,1
2018HU1053081,1
2018HU1203500,1
2018HU0710898,0
2018HU0952976,1
2018GQ0046647,0
2018HU0478228,1
2018HU1174355,1
2018HU0643479,1
2018HU1284935,1
2018HU0546873,1
2018HU1130052,1
2018HU1096665,0
2018HU0015058,1
2018HU0347846,1
2018HU0408979,1
2018HU0937475,1
2018HU0074952,1
2018HU0522364,1
2018HU1364596,1
2018HU0143485,1
2018GQ0098999,1
2018HU0216068,1
2018HU0616250,1
2018HU1116469,1
2018HU0203671,1
2018GQ0104832,1
2018HU0529603,1
2018HU1264995,1
2018HU1195860,1
2018HU0998391,1
2018HU0214625,0
2018HU0869628,0
2018HU0899937,0
2018HU0019527,1
2018HU1001123,1
2018HU0133472,1
2018HU0185650,1
2018HU1368715,1
2018HU0798344,1
2018HU0365153,0
2018HU0047923,1
2018HU0457373,1
2018HU0106930,1
2018HU0070197,1
2018HU1341827,1
2018HU1062788,1
2018HU0738174,1
2018HU0121840,1
2018HU0480379,1
2018HU1064311,0
2018HU0184809,1
2018HU0641501,1
2018HU1174359,1
2018HU0096254,1
2018HU0948799,0
2018HU1089336,1
2018HU0784234,1
2018HU0879181,1
2018HU0876961,1
2018HU0180986,1
2018HU1084668,1
2018HU1157488,1
2018HU1365265,1
2018HU0302097,1
2018HU1380529,1
2018GQ0101105,1
2018HU0076004,0
2018HU0792784,0
2018HU0493086,1
2018GQ0125463,1
2018HU1282403,1
2018HU0654302,1
2018HU1222857,1
2018HU0360698,1
2018HU0415774,1
2018HU1263279,1
2018HU0964832,1
2018HU0568737,0
2018HU1225429,0
2018HU0032711,0
2018HU0167469,1
2018HU1048872,1
2018HU0480968,1
2018HU0069846,1
2018HU0785345,0
2018HU0259150,1
2018HU0347424,1
2018HU0399351,1
2018GQ0068709,1
2018HU1208837,1
2018HU0179649,1
2018GQ0095086,1
2018HU0966928,1
2018HU0759361,1
2018HU0324021,1
2018HU0675538,0
2018HU1089602,1
2018HU0222990,1
2018HU0264896,1
2018HU0929338,1
2018HU0547195,1
2018HU0859243,1
2018HU0702342,1
2018HU1281423,0
2018HU0709014,0
2018HU0692368,1
2018HU0451096,1
2018HU0734779,1
2018HU0794948,1
2018GQ0102667,1
2018HU1102019,1
2018HU0369096,1
2018HU0446665,1
2018HU0583386,1
2018HU1267815,1
2018HU1075290,1
2018HU0001057,1
2018HU0709951,1
2018HU0954747,1
2018GQ0084795,1
2018HU1077194,1
2018HU1079681,1
2018HU0196145,1
2018HU0238073,1
2018HU0543526,1
2018HU1059679,1
2018HU0906900,1
2018HU0121261,1
2018HU0336751,1
2018HU1334567,1
2018HU0471599,1
2018HU1276187,1
2018GQ0110176,1
2018HU0500116,1
2018HU0944127,0
2018HU1124954,1
2018HU0429260,1
2018HU0567841,1
2018HU0438559,1
2018HU0083135,0
2018HU0680920,1
2018HU1150633,0
2018HU0357023,1
2018HU0435612,1
2018HU1315000,1
2018GQ0149870,1
2018HU1308543,1
2018HU0514566,1
2018HU0192671,1
2018HU1175727,1
2018HU0655267,1
2018HU1171198,1
2018HU0810270,0
2018HU0070488,1
2018HU0320154,0
2018HU0094305,0
2018HU1196393,1
2018HU1376855,1
2018HU1161219,0
2018HU0246014,1
2018GQ0113710,1
2018HU1256887,1
2018HU0630722,1
2018HU0528413,1
2018HU0449231,1
2018HU0812710,1
2018HU0774193,0
2018HU0095589,1
2018HU0603762,1
2018HU0041440,1
2018HU0121261,1
2018HU0509627,0
2018HU1345212,1
2018HU0250591,1
2018HU0576482,1
2018HU0917259,1
2018HU0903398,1
2018HU0577393,1
2018HU1284559,1
2018HU0759885,1
2018HU0778022,1
2018HU1076206,0
2018GQ0118532,1
2018HU0107007,1
2018HU0777265,1
2018HU0796321,1
2018HU0543182,1
2018HU0364942,1
2018HU0046419,1
2018HU0722008,0
2018HU1194133,1
2018HU0328274,1
2018HU0945899,0
2018HU0452462,1
2018HU0763135,0
2018HU0171310,1
2018HU1297159,1
2018HU0048559,1
2018HU1083855,1
2018GQ0005436,1
2018HU0201054,1
2018HU0227756,1
2018HU0834919,0
2018HU0439591,1
2018HU0206032,0
2018HU0600908,1
2018HU1101961,1
2018HU0047648,1
2018HU0457851,1
2018HU0821541,1
2018HU0237612,1
2018HU0787364,1
2018HU1161466,1
2018HU1217999,1
2018HU0270025,1
2018HU1173550,1
2018HU0376235,1
2018HU0219641,1
2018HU0543099,1
2018HU0387579,1
2018GQ0099202,0
2018HU1292181,1
2018HU0167166,1
2018HU0297609,0
2018HU0026582,1
2018HU0672737,1
2018HU0738573,1
2018HU1133843,1
2018HU1185095,1
2018GQ0111226,0
2018HU1220934,1
2018GQ0113518,0
2018HU1315136,1
2018HU0300751,1
2018HU0298092,1
2018HU1358825,0
2018HU1337437,0
2018HU0179636,1
2018HU1068282,1
2018HU0248623,1
2018HU0773011,1
2018GQ0024370,1
2018HU0300006,1
2018HU1037577,1
2018HU0910101,1
2018HU0992909,0
2018HU0897700,1
2018HU0619581,1
2018HU1020186,1
2018HU1013032,0
2018HU1323519,1
2018HU1068441,1
2018HU0600827,1
2018HU0033348,1
2018HU0172217,1
2018HU0024964,1
2018HU0576106,0
2018HU0341950,1
2018HU0195534,1
2018HU0193004,1
2018HU0777426,0
2018HU1327035,1
2018GQ0135247,0
2018HU0072079,1
2018HU1345310,0
2018HU1071446,0
2018HU1125853,0
2018HU0682375,1
2018HU0108491,1
2018HU0641005,1
2018HU1347998,1
2018HU0267843,1
2018GQ0064051,1
2018HU0558429,1
2018GQ0114517,1
2018GQ0081608,1
2018HU1143305,0
2018HU0063024,1
2018HU1178302,1
2018HU0105050,1
2018HU0958636,1
2018HU1166141,0
2018HU1134727,1
2018HU0225135,1
2018HU0290713,1
2018HU0865086,1
2018HU1302425,1
2018HU0785603,0
2018GQ0023411,1
2018HU0152338,0
2018HU0963384,1
2018HU0033551,1
2018HU0819687,1
2018HU0133472,1
2018HU1331628,1
2018HU0324970,1
2018HU0608541,1
2018HU0154660,1
2018HU0463750,1
2018HU0945420,0
2018HU0121261,1
2018HU0706710,1
2018HU0652833,1
2018HU1095775,1
2018HU1392223,1
2018HU0052060,1
2018HU0911346,1
2018HU1125831,1
2018HU0577373,1
2018HU0915309,1
2018HU0115754,1
2018HU0659126,1
2018HU0246823,0
2018HU0588589,1
2018HU0154038,1
2018HU0036424,1
2018HU0332470,1
2018HU0272241,1
2018HU1384970,1
2018HU0281996,0
2018HU0500116,1
2018GQ0097877,1
2018HU1339136,1
2018HU0871790,1
2018HU0900280,1
2018HU1158268,1
2018HU0841986,1
2018HU0906346,1
2018GQ0117584,1
2018HU0091618,1
2018HU1108045,0
2018HU0952410,1
2018GQ0054630,1
2018HU0640085,1
2018HU1246719,1
2018HU1082659,0
2018GQ0101856,1
2018HU0934565,0
2018HU0241782,1
2018HU0606276,1
2018HU0331345,1
2018GQ0096557,1
2018HU0948507,1
2018HU0958301,1
2018HU0933537,1
2018HU0559157,1
2018HU0707928,0
2018HU0956330,1
2018HU0022815,1
2018HU0525185,0
2018HU0680598,1
2018HU0477876,1
2018HU0421455,1
2018HU0008536,1
2018HU0149296,1
2018HU1176476,0
2018HU0146650,1
2018HU0336990,1
2018HU0715398,0
2018HU0180986,1
2018HU0510431,1
2018HU0747828,1
2018HU0605789,0
2018GQ0038984,1
2018HU0083060,1
2018HU0543166,1
2018HU1360901,0
2018HU0361366,1
2018HU0088571,1
2018HU0124977,1
2018HU0154492,1
2018HU0413679,1
2018HU0551229,0
2018HU0765528,1
2018HU0647874,1
2018HU0658857,1
2018HU1365487,1
2018HU0361959,0
2018HU0618636,1
2018HU1019002,1
2018HU1084578,1
2018HU1130736,1
2018HU0336990,1
2018HU0269658,1
2018HU1374513,1
2018HU0471599,1
2018HU1400658,1
2018HU1264025,1
2018HU0536757,1
2018HU0164963,1
2018HU0842671,1
2018GQ0056535,0
2018HU0966558,1
2018HU0172429,0
2018HU1029582,1
2018HU0208392,1
2018HU0753368,1
2018HU1053629,0
2018HU0089259,1
2018HU0225375,0
2018HU0489355,1
2018HU0066173,1
2018HU1099914,0
2018HU1287649,1
2018HU0235140,1
2018HU1065923,0
2018HU0160982,1
2018HU0376023,1
2018GQ0028325,1
2018HU0883581,0
2018GQ0039389,1
2018HU0084808,0
2018HU0443566,0
2018HU0963120,1
2018GQ0046785,0
2018HU1067066,1
2018HU1352409,1
2018HU1307058,1
2018HU1059273,1
2018HU0131747,1
2018HU0573100,1
2018HU0286099,1
2018HU1317259,1
2018HU0008128,1
2018HU0873893,1
2018HU0629200,0
2018HU0019872,1
2018HU0198108,1
2018GQ0038497,1
2018HU0338041,1
2018GQ0029922,1
2018HU0104522,1
2018HU1094616,1
2018HU0810676,1
2018HU0229542,1
2018HU0046419,1
2018HU0936047,1
2018HU0007391,0
2018HU0962141,1
2018HU1080489,1
2018GQ0037772,1
2018HU1323137,1
2018HU0256477,1
2018HU0999027,1
2018HU0948420,1
2018HU0899459,1
2018HU0634526,1
2018HU0901588,1
2018HU0693612,0
2018HU0798864,1
2018HU0853220,1
2018HU0640070,1
2018HU1033466,1
2018HU1125038,1
2018HU1026929,0
2018HU0693779,1
2018HU1231772,1
2018HU0248862,0
2018HU0531734,1
2018HU0333036,1
2018HU0180986,0
2018HU0205720,1
2018HU0346659,1
2018HU0930846,1
2018HU0179473,1
2018HU1179375,1
2018HU0235535,1
2018HU0445056,1
2018HU0714739,1
2018HU0920496,1
2018HU1290308,0
2018HU0602336,0
2018GQ0124244,1
2018HU0010870,0
2018HU0998616,1
2018HU0773011,0
2018GQ0032168,0
2018HU1368715,1
2018HU0489016,1
2018HU1353294,1
2018HU0399060,1
2018HU0275961,1
2018HU0104335,1
2018HU1131204,0
2018HU0009690,1
2018HU0362882,1
2018HU0481825,1
2018GQ0082299,1
2018HU0501138,1
2018HU0047648,0
2018GQ0024160,1
2018HU0645865,1
2018GQ0032796,1
2018HU0851499,1
2018HU1002921,0
2018HU0131524,1
2018HU0960413,1
2018HU0337604,1
2018HU1300549,1
2018HU0090443,1
2018HU0858089,1
2018HU0610060,1
2018HU0376862,1
2018HU0956995,1
2018HU0863210,1
2018HU0318775,1
2018HU0855478,1
2018HU0721036,1
2018HU0800898,1
2018HU0805243,1
2018HU0673743,1
2018HU0781074,1
2018HU0929497,0
2018HU0692278,1
2018HU0562894,1
2018HU0521465,1
2018HU0741748,1
2018HU0571676,1
2018HU1187025,1
2018HU0961046,0
2018HU0272427,1
2018HU0587671,1
2018HU1223133,1
2018HU1157087,0
2018HU0696903,1
2018HU0720911,1
2018HU0685132,1
2018HU1392518,0
2018HU1097623,1
2018HU0323912,1
2018GQ0006034,1
2018HU1267672,1
2018HU0659548,1
2018HU1383654,1
2018HU0211456,1
2018HU1147688,0
2018HU0239908,1
2018HU1192936,1
2018HU0803593,1
2018HU1137801,1
2018HU0008128,1
2018HU0770272,1
2018HU0839085,1
2018GQ0107381,1
2018HU0858088,1
2018HU1116469,1
2018GQ0038347,1
2018HU0393258,1
2018HU0869628,0
2018HU1160419,0
2018HU0648066,1
2018HU1390367,1
2018HU1295146,1
2018HU0802242,1
2018HU0750266,1
2018HU0830770,1
2018HU0311163,1
2018HU0632815,1
2018GQ0023673,1
2018HU0540338,0
2018HU1238747,1
2018HU1257456,1
2018HU1335220,1
2018HU1070105,1
2018HU0008734,1
2018HU1156824,1
2018HU0435612,1
2018HU0546559,1
2018HU0247988,0
2018HU0618636,1
2018HU0832436,1
2018HU0179473,1
2018HU0459512,1
2018HU1026876,1
2018HU0481034,1
2018HU1029377,1
2018HU0527730,1
2018HU0419007,0
2018HU1218730,1
2018HU0765966,1
2018HU0282095,1
2018HU0193660,1
2018HU1023366,1
2018HU1219157,1
2018HU0947239,1
2018HU0864012,1
2018HU0871585,0
2018HU0193660,1
2018HU0017835,0
2018HU0896434,0
2018GQ0026342,1
2018HU0909600,0
2018HU0525195,0
2018HU0465152,1
2018HU1008815,1
2018HU0478451,1
2018HU0086989,1
2018HU0461823,1
2018HU0075825,1
2018HU1214378,1
2018HU1158903,1
2018HU0843688,1
2018HU0897700,1
2018HU0801470,1
2018HU1175906,0
2018HU0730479,1
2018HU0735986,1
2018HU1045995,1
2018HU0167932,1
2018HU0760140,1
2018HU1281409,1
2018HU1233782,1
2018HU0704823,1
2018HU0332506,1
2018HU1387270,1
2018HU1174018,1
2018HU0193370,1
2018GQ0008532,1
2018GQ0032080,1
2018HU0565139,1
2018HU0568202,1
2018HU0715349,0
2018HU1201388,0
2018HU1248166,1
2018HU0246043,1
2018HU0488119,0
2018HU0903148,1
2018HU0036443,0
2018HU1089395,1
2018GQ0042303,0
2018HU0723311,1
2018HU0420122,1
2018HU0096254,0
2018HU1042680,1
2018HU0518011,1
2018HU0887275,1
2018HU1217084,1
2018HU0595171,0
2018HU0871585,1
2018HU1337331,1
2018HU0939637,0
2018HU1341395,1
2018HU0488151,1
2018HU0595201,0
2018HU0160982,1
2018HU0117782,0
2018HU0149296,1
2018HU1236694,1
2018HU0518011,1
2018GQ0005680,1
2018HU0576498,1
2018HU0669909,0
2018HU0161562,0
2018HU0927411,1
2018HU0625593,1
2018HU0551611,1
2018HU1211182,1
2018HU0310151,1
2018HU0052739,1
2018HU0904113,0
2018HU0106668,1
2018HU0574799,1
2018HU0525195,1
2018HU0373168,1
2018HU0092449,1
2018HU1228186,1
2018HU0388609,1
2018HU1243627,1
2018HU0864012,0
2018HU0767365,0
2018HU0121840,1
2018HU0192562,1
2018HU0976679,1
2018GQ0142317,1
2018HU0500116,1
2018HU0019317,1
2018HU0034592,1
2018HU0565283,1
2018HU0803206,1
2018HU1175727,1
2018HU0775478,0
2018HU0483463,1
2018HU1128261,0
2018HU0808498,1
2018HU1113778,1
2018HU0296580,1
2018HU0616153,1
2018HU0799351,0
2018HU0017835,1
2018GQ0105840,1
2018HU0146829,1
2018HU1005308,1
2018HU1188417,1
2018GQ0038611,0
2018HU0882722,1
2018HU0343512,1
2018HU0924559,0
2018HU0153185,0
2018HU0022303,1
2018HU0590511,1
2018HU0112678,1
2018HU0523028,1
2018HU0469076,1
2018HU0659757,1
2018HU1174018,0
2018HU0775357,1
2018HU1366677,1
2018HU0446956,1
2018HU0451096,1
2018HU0493547,1
2018HU1249308,0
2018HU0504095,1
2018HU1263934,1
2018HU0518011,1
2018HU0138545,1
2018GQ0075157,1
2018HU0309281,0
2018HU1024430,1
2018HU1001369,0
2018HU0498526,1
2018HU0847946,1
2018HU1036649,1
2018HU0897119,0
2018HU0095306,1
2018HU1071446,1
2018HU1349168,1
2018HU0058420,1
2018HU0803763,1
2018GQ0043102,0
2018HU1188844,1
2018HU1305031,1
2018HU0153138,1
2018HU1220872,1
2018GQ0028268,0
2018HU0746792,0
2018HU0392112,1
2018HU1220773,1
2018HU0292877,1
2018HU0957821,0
2018HU0748930,1
2018HU1329555,1
2018HU1201592,1
2018HU0687895,1
2018HU1158529,0
2018HU1291576,1
2018HU0842671,1
2018HU0329139,1
2018HU1238035,0
2018HU1105124,1
2018HU1167158,1
2018HU0161055,1
2018HU0988144,1
2018HU1180711,1
2018HU0423540,1
2018HU1166417,0
2018HU1096309,1
2018HU0994787,1
2018HU0406550,1
2018HU0152309,1
2018HU1007004,1
2018HU1123854,1
2018HU1235249,1
2018HU0020687,0
2018GQ0059253,1
2018HU0152060,0
2018HU1320771,1
2018GQ0094374,0
2018HU0609428,0
2018HU0948799,1
2018HU1096309,1
2018HU1286831,1
2018GQ0126065,1
2018HU0369019,1
2018HU0419919,0
2018HU0949569,1
2018HU0975997,0
2018HU0787120,1
2018HU1249125,1
2018HU1361498,1
2018HU0911008,1
2018HU0069846,1
2018HU0383794,0
2018HU1272813,1
2018HU1243104,1
2018HU0057118,1
2018HU0300882,1
2018HU1231298,1
2018HU0385128,1
2018HU0478290,1
2018HU0728090,1
2018HU0104522,0
2018HU1167425,1
2018HU0634526,1
2018HU0608541,1
2018HU0444572,1
2018HU0343809,1
2018HU0387579,1
2018HU0742154,1
2018HU0175386,0
2018HU0704410,1
2018HU1225940,1
2018HU0591326,1
2018HU1247313,0
2018HU0342103,1
2018HU1108499,1
2018HU0543405,1
2018HU0512617,1
2018HU0118400,1
2018HU0364942,1
2018HU0065397,1
2018HU1217084,1
2018HU0639348,1
2018HU0009690,1
2018HU1338826,1
2018HU0543629,0
2018HU0335291,1
2018HU1115603,1
2018HU1194861,1
2018HU0250592,1
2018GQ0057653,1
2018HU0151877,1
2018HU1220872,1
2018GQ0044091,0
2018HU0338732,0
2018HU0040817,1
2018HU0124591,1
2018HU0644321,1
2018HU0334534,1
2018HU1309853,1
2018HU0581900,1
2018HU0910299,0
2018HU1163783,1
2018HU1283991,1
2018HU1207773,1
2018HU1223424,1
2018HU0033461,1
2018HU0533419,1
2018HU0623342,1
2018HU1052039,1
2018HU0462475,0
2018HU0443077,1
2018HU0568930,0
2018HU0287613,0
2018GQ0066576,1
2018HU0185650,1
2018HU0182682,0
2018GQ0052995,1
2018HU1219947,0
2018HU0432101,1
2018HU0947092,1
2018HU0516236,0
2018HU1037140,1
2018HU0496314,0
2018HU0664078,1
2018HU0676481,1
2018HU0509446,1
2018HU0714136,1
2018GQ0072043,1
2018HU0789408,1
2018GQ0117464,1
2018HU0606441,1
2018HU0744417,1
2018HU0505292,1
2018HU0334149,1
2018HU0199157,0
2018HU0672737,1
2018HU1203500,1
2018GQ0043075,1
2018HU1195370,0
2018HU1013032,1
2018HU0941203,0
2018HU0216341,0
2018HU0422958,1
2018HU0726615,1
2018HU0319695,1
2018HU0089141,1
2018HU0973719,1
2018HU0222669,1
2018HU1321922,0
2018HU1202165,1
2018HU0221699,1
2018HU0847946,1
2018GQ0068726,0
2018HU0967624,1
2018HU0776774,1
2018HU1147688,1
2018HU0856764,1
2018HU1107866,1
2018HU0378205,1
2018HU1033466,1
2018HU0979227,1
2018HU1009288,1
2018HU0125149,1
2018HU0025534,0
2018HU0770423,1
2018HU1233782,1
2018HU0466544,1
2018HU0184519,1
2018GQ0150367,1
2018HU0817122,1
2018HU0867056,0
2018HU0233757,1
2018HU1184190,1
2018HU0156845,1
2018HU0063747,0
2018HU0704342,1
2018HU1059679,1
2018HU1049690,1
2018HU0774160,1
2018HU0178954,1
2018HU0685476,1
2018HU1138330,1
2018HU1126937,1
2018HU0528889,1
2018HU0124591,0
2018HU0675163,1
2018GQ0115022,1
2018HU0398291,1
2018HU0644283,1
2018HU0492679,1
2018HU0995271,1
2018HU1148272,0
2018HU0797135,1
2018GQ0095571,1
2018HU0047648,1
2018HU1154243,1
2018HU0074952,1
2018HU0547801,1
2018GQ0067863,0
2018HU0303247,0
2018HU0445937,1
2018HU0461260,1
2018HU0478451,0
2018HU0024161,1
2018HU0624891,1
2018HU0915874,1
2018HU0560801,1
2018HU0625383,1
2018HU0427907,1
2018HU0543734,0
2018HU0132994,1
2018HU1337437,1
2018HU1002860,1
2018HU0867281,1
2018GQ0083572,1
2018HU1313082,1
2018HU0101320,1
2018HU1208075,1
2018HU1157694,1
2018GQ0058842,1
2018GQ0063944,1
2018GQ0109087,0
2018HU0381942,1
2018HU0509568,1
2018HU1327752,1
2018HU1038688,1
2018HU0901933,1
2018HU0152309,0
2018HU1400612,1
2018HU0361849,0
2018HU0588973,1
2018HU0933537,1
2018HU0223666,1
2018HU0536771,0
2018HU0491420,1
2018HU0177079,1
2018HU0913987,1
2018HU0013568,1
2018HU1234944,1
2018HU0876961,0
2018HU0722008,1
2018HU0852473,1
2018HU0034163,1
2018HU0434514,1
2018HU1220864,1
2018HU0890534,1
2018HU0798811,1
2018HU0643344,1
2018HU1377702,1
2018HU1159766,1
2018HU1138491,1
2018HU0530440,0
2018HU0009453,1
2018HU0480109,1
2018HU0439591,1
2018HU1359922,1
2018HU0203352,1
2018HU0011346,1
2018HU0470650,1
2018HU0900893,1
2018HU0850805,1
2018HU0323912,1
2018HU1157419,1
2018HU1394705,1
2018HU0985677,0
2018HU0829492,1
2018HU1077610,0
2018HU0835011,1
2018HU0156845,0
2018HU0652909,1
2018HU0287062,0
2018GQ0076680,1
2018GQ0055686,1
2018HU1279566,0
2018HU0802077,1
2018HU0525185,0
2018HU0385133,1
2018HU0963243,1
2018HU0689254,1
2018HU1253192,0
2018HU1161731,1
2018HU1171991,0
2018HU1267244,1
2018HU0182696,1
2018HU0178869,1
2018HU0221136,0
2018HU0473921,1
2018HU0096254,1
2018HU0784439,1
2018HU0282985,1
2018HU1115625,0
2018HU0277625,1
2018HU1166417,1
2018HU0641501,1
2018HU1313442,1
2018HU0934915,1
2018HU0661055,1
2018GQ0073364,1
2018HU0132657,1
2018HU0865389,1
2018HU0815550,1
2018HU0098306,1
2018HU1000240,1
2018HU1309016,1
2018HU1122086,1
2018HU1020604,1
2018HU0434845,1
2018HU0107237,1
2018HU0514566,1
2018HU1104282,1
2018HU0557630,1
2018HU0739146,1
2018HU1033611,1
2018HU0049431,1
2018HU0709077,1
2018HU0350330,1
2018HU0941104,0
2018HU1079315,1
2018HU0730856,1
2018HU1203077,1
2018HU1332888,1
2018HU0897700,1
2018HU0942337,1
2018HU0197624,1
2018HU0769402,1
2018HU1225940,1
2018HU0913626,0
2018HU0792310,1
2018HU0369358,1
2018HU0837572,1
2018HU0465532,1
2018HU1042012,1
2018HU0716969,1
2018GQ0151900,1
2018GQ0014108,1
2018HU0561409,1
2018HU0181541,1
2018HU0133611,1
2018HU0049834,1
2018HU0399478,1
2018HU1284996,0
2018HU1072129,0
2018HU0236918,1
2018HU1136674,0
2018HU0355261,0
2018HU1287703,1
2018GQ0082488,1
2018HU0258952,1
2018HU0516767,1
2018HU0735986,1
2018HU1078288,1
2018HU0455996,1
2018HU1255962,1
2018HU0930103,1
2018HU1393863,1
2018HU1233798,1
2018HU1054649,1
2018HU0648066,0
2018HU0948194,1
2018HU0503591,0
2018HU1189331,1
2018HU0504095,1
2018HU0926568,1
2018HU1022281,1
2018HU0678221,1
2018HU0996263,1
2018HU0634950,1
2018HU0771750,1
2018HU1163856,1
2018HU0023537,1
2018HU0716050,1
2018HU1032426,1
2018HU0104642,1
2018HU1138272,0
2018HU0658068,1
2018HU0224355,1
2018HU1173593,1
2018GQ0130727,0
2018GQ0125476,1
2018HU0581900,1
2018HU1392860,1
2018HU0759920,1
2018HU0475557,0
2018GQ0102265,1
2018HU0785087,1
2018HU0075062,1
2018HU0561836,1
2018HU1382135,1
2018HU0112212,1
2018HU0024161,1
2018HU0159288,1
2018HU1253229,0
2018HU0471599,1
2018HU0894109,0
2018HU1089393,1
2018HU0261729,1
2018HU0010981,0
2018HU1203680,1
2018HU0043537,1
2018HU1029574,1
2018HU0554478,1
2018HU0258952,1
2018HU1077194,1
2018HU0329445,1
2018HU0787364,0
2018HU0026582,1
2018HU0154776,1
2018GQ0064473,1
2018HU0348988,0
2018HU0600559,1
2018HU0051115,1
2018HU1194011,1
2018HU1278173,0
2018HU1100975,1
2018GQ0098049,1
2018HU0274810,0
2018HU1298646,1
2018HU1038102,1
2018HU0604035,0
2018HU0901834,1
2018HU1124167,1
2018HU0525185,0
2018HU0566169,1
2018HU1013054,1
2018HU0470650,1
2018HU1246554,1
2018HU0672737,1
2018HU0935776,1
2018HU0654988,1
2018HU1286831,1
2018HU1028134,0
2018HU0205720,1
2018HU1057094,0
2018HU0666830,1
2018HU0453849,1
2018HU0701919,1
2018HU1279668,1
2018HU0237623,1
2018HU0695900,0
2018HU0169901,1
2018HU0998391,0
2018HU1302425,1
2018GQ0116017,1
2018HU0634895,1
2018HU1306423,0
2018HU0436704,0
2018HU0306060,0
2018HU1153237,1
2018HU1371760,1
2018HU0413534,1
2018HU0488814,1
2018HU0255920,1
2018HU1318649,0
2018HU0701544,0
2018HU0486562,1
2018HU1298125,1
2018HU0900187,1
2018GQ0017748,1
2018HU1325425,1
2018HU0191972,1
2018HU0523949,0
2018HU1118278,0
2018HU0254682,1
2018HU0611153,1
2018HU1028049,1
2018HU1166204,1
2018HU0881812,1
2018HU0648270,1
2018GQ0120964,1
2018HU0411825,1
2018HU0293321,1
2018HU0146342,0
2018HU0343512,1
2018GQ0099044,1
2018HU0756237,1
2018HU1399923,1
2018HU0001057,1
2018HU0912833,1
2018HU0587671,1
2018HU1171198,1
2018HU1147688,1
2018HU0794072,0
2018HU1392223,1
2018HU0817586,1
2018HU1110345,1
2018HU0237623,0
2018HU0557024,0
2018HU0225827,1
2018HU0628623,1
2018HU0587223,1
2018HU0841649,1
2018HU0559083,1
2018HU0966558,1
2018HU1041893,1
2018HU1319830,1
2018HU0519365,0
2018HU1263279,1
2018HU0068738,1
2018HU1203500,0
2018HU0594640,0
2018HU1270520,1
2018HU1223133,1
2018GQ0050619,1
2018HU0709077,1
2018HU0492049,0
2018HU1080652,1
2018HU1381767,0
2018HU0273896,1
2018HU1079315,0
2018HU0279344,1
2018HU1126937,1
2018HU0092122,0
2018HU0215417,1
2018GQ0123182,1
2018HU0746861,1
2018HU1354236,1
2018GQ0135371,1
2018HU1041927,1
2018HU0785345,1
2018HU0503528,1
2018HU1334993,1
2018HU0937113,1
2018HU0747822,1
2018HU0587305,1
2018HU0741780,1
2018HU0470604,1
2018HU0452462,0
2018HU0325871,1
2018HU1390493,1
2018HU1241337,1
2018HU0156845,1
2018HU0131524,1
2018HU0083904,1
2018HU0746861,1
2018HU0596643,1
2018HU0231470,0
2018HU0118384,1
2018HU0328358,1
2018HU1366837,0
2018HU0910718,1
2018HU0828009,1
2018HU0803763,1
2018GQ0141204,1
2018GQ0083308,1
2018HU0005348,1
2018HU0417205,1
2018GQ0118519,1
2018HU0513273,1
2018HU0819030,1
2018HU0837496,1
2018GQ0057762,1
2018HU0910101,1
2018HU0128750,1
2018HU1272320,1
2018HU0578904,1
2018HU1301396,1
2018HU0952976,1
2018HU1319394,1
2018HU1389395,1
2018HU0591573,1
2018HU0102841,1
2018HU0707929,1
2018HU0851499,1
2018HU1369764,0
2018HU1220872,1
2018HU0694648,1
2018HU1208075,1
2018HU0943922,1
2018HU0791660,1
2018HU1045995,1
2018HU1018069,0
2018HU0886170,1
2018HU0011951,0
2018HU0781647,1
2018HU0631999,1
2018HU0198108,1
2018HU0032674,1
2018HU1191001,1
2018HU1331810,1
2018HU0798811,1
2018HU0928764,0
2018HU1279333,1
2018HU0619654,1
2018HU1001933,1
2018HU0290555,1
2018HU0190443,1
2018HU0900409,1
2018HU0501926,0
2018HU1391659,0
2018GQ0149821,0
2018HU0581747,1
2018HU0133611,1
2018HU0619581,1
2018GQ0004732,1
2018HU1017531,1
2018HU0885585,0
2018HU0888683,0
2018HU1003503,0
2018HU0439235,1
2018HU1311168,1
2018HU0157842,1
2018HU0673349,1
2018HU1206285,1
2018HU1154194,0
2018HU1093011,1
2018GQ0021110,1
2018GQ0061690,0
2018HU0790970,1
2018HU1153023,1
2018HU1033915,1
2018HU1007989,1
2018HU0471267,1
2018HU0042597,1
2018HU1129697,1
2018HU0934259,1
2018HU0180986,1
2018HU1043055,0
2018HU0911346,1
2018HU1362937,0
2018HU0544940,0
2018HU0164032,1
2018HU0909499,1
2018GQ0023237,0
2018HU0590816,1
2018HU1235845,1
2018HU1276711,1
2018HU1172047,1
2018HU0948799,1
2018HU1287495,1
2018HU0890534,1
2018HU0645543,1
2018HU0093542,1
2018HU0230326,1
2018HU0694007,1
2018HU0440243,0
2018HU0739588,1
2018HU1335220,1
2018HU0948194,1
2018HU0555629,1
2018HU0517747,1
2018HU0799910,1
2018HU0214032,1
2018HU1158582,1
2018HU0984558,0
2018HU0501636,1
2018HU1055504,1
2018HU0994131,1
2018HU1070477,1
2018HU1300440,1
2018HU0519676,1
2018HU0262477,1
2018HU0177576,1
2018HU0579149,1
2018HU0783173,0
2018HU0677507,1
2018HU1217999,0
2018HU0408783,1
2018HU0976417,1
2018HU0604664,0
2018HU1233345,0
2018GQ0055075,1
2018HU0592205,1
2018HU1400022,0
2018HU0123843,1
2018HU0341834,1
2018HU0006281,1
2018HU0083060,1
2018HU0212662,1
2018HU1208075,1
2018HU0743105,1
2018HU0995176,1
2018HU0399112,1
2018HU1129912,1
2018HU0988426,1
2018HU1336356,1
2018HU0545221,1
2018HU1219947,0
2018GQ0036497,1
2018HU0248401,1
2018HU1210480,1
2018HU0706368,1
2018HU0939965,1
2018HU0212463,1
2018HU0657153,1
2018HU0621026,1
2018HU0640609,1
2018HU0665950,1
2018HU0070204,0
2018HU1071720,1
2018HU0693688,1
2018HU0470650,1
2018HU0951747,1
2018GQ0047851,1
2018HU1270520,1
2018HU0356580,1
2018GQ0128510,1
2018HU0029645,0
2018HU0687104,0
2018HU0860383,1
2018HU0311118,1
2018HU0911170,1
2018HU0857266,1
2018HU0999035,1
2018HU0745437,1
2018HU1104529,1
2018HU0240184,1
2018HU0481566,0
2018HU0146650,0
2018HU0328274,1
2018HU0964832,0
2018HU0209812,1
2018HU0970767,0
2018HU0127892,1
2018HU1155737,1
2018HU0737374,1
2018HU0794836,1
2018HU1172210,1
2018HU1103523,1
2018HU0763346,1
2018GQ0150715,1
2018HU0924671,1
2018HU1053970,0
2018HU0812313,0
2018HU0287062,1
2018HU1373089,1
2018HU0483463,1
2018HU0785843,1
2018HU1368081,1
2018HU0026237,0
2018HU0192562,1
2018HU0057622,0
2018HU1364018,0
2018HU0689695,1
2018HU0920780,1
2018HU1398483,1
2018HU0879782,1
2018HU0436486,0
2018HU1116469,0
2018HU0070345,1
2018HU0756691,1
2018HU1296546,1
2018HU1170793,1
2018HU1056959,0
2018HU0487558,1
2018HU1020980,0
2018HU0543166,1
2018HU1051181,1
2018HU0334665,1
2018HU0149296,1
2018HU0592871,1
2018HU1042385,0
2018HU0158837,0
2018HU1089675,1
2018HU0404099,1
2018HU0001057,1
2018HU0775875,1
2018HU0563650,1
2018HU0548570,1
2018HU0322271,1
2018HU0329081,1
2018HU0182696,1
2018HU0809788,0
2018HU0755080,1
2018HU1158237,1
2018HU0516464,0
2018HU0822528,1
2018HU0022220,1
2018HU0739241,0
2018HU0022198,1
2018HU1142288,1
2018HU0858602,1
2018HU0339297,0
2018HU0900187,1
2018HU0432572,1
2018HU0248762,1
2018HU1286315,1
2018HU0539199,0
2018HU1022226,1
2018HU1150633,1
2018HU1307040,1
2018HU1167425,1
2018HU0026063,1
2018HU1087410,1
2018HU0765411,0
2018HU1141084,1
2018HU0561409,0
2018HU0108290,1
2018HU1044359,0
2018HU0845519,1
2018HU0801698,1
2018HU0811135,0
2018HU0718330,1
2018HU0933385,1
2018HU0998812,0
2018GQ0108596,1
2018HU0701289,1
2018HU0482138,0
2018HU1215609,0
2018HU0274530,1
2018HU1293354,0
2018HU1206285,1
2018HU0881812,1
2018HU1158582,1
2018HU1090083,1
2018HU1380529,1
2018HU0651245,1
2018HU0644283,1
2018GQ0033095,1
2018HU1307253,0
2018HU0101320,1
2018HU0368710,0
2018HU1345788,1
2018HU0523686,1
2018HU1064311,1
2018HU1298432,1
2018HU0146829,1
2018HU1377546,0
2018HU0011283,1
2018GQ0030770,0
2018HU1309386,1
2018HU0548017,1
2018HU0682587,1
2018HU0106698,1
2018HU0620506,1
2018HU0323248,1
2018HU0439591,1
2018HU1216279,1
2018HU1124177,1
2018HU0958599,1
2018HU0165911,1
2018HU0891913,1
2018HU0893190,1
2018HU0699660,1
2018HU1174018,1
2018HU1335220,1
2018HU1060923,1
2018GQ0110083,0
2018HU1343071,0
2018HU1224602,1
2018HU0907669,1
2018HU0080761,0
2018HU0070304,1
2018HU0685488,1
2018HU0612410,1
2018HU0333574,1
2018HU0162093,1
2018HU1019516,1
2018HU0623582,1
2018HU1156387,1
2018HU1193964,1
2018HU0418151,1
2018GQ0139488,1
2018HU0278794,0
2018HU1034682,1
2018HU0628907,1
2018HU0639712,0
2018HU0648066,1
2018HU0843688,1
2018HU0900139,1
2018HU1072129,1
2018HU0067994,0
2018GQ0111633,0
2018HU0250097,1
2018HU0946713,1
2018HU0286941,1
2018HU1094207,1
2018HU0725690,1
2018HU0023472,1
2018HU0038314,1
2018HU0838037,0
2018HU0042597,1
2018HU0179473,1
2018GQ0013013,1
2018HU0249046,1
2018GQ0081475,1
2018HU0312985,1
2018HU0961378,1
2018HU0372428,1
2018HU1284935,1
2018HU0332649,1
2018HU1189007,1
2018HU0543284,1
2018HU0343744,1
2018HU0091965,1
2018HU0360698,1
2018HU1319394,1
2018HU1227288,1
2018GQ0144940,1
2018HU0696903,1
2018HU0225618,1
2018HU1152765,1
2018HU0069964,1
2018HU0962393,0
2018HU1225729,1
2018HU0222927,1
2018HU0157777,1
2018HU0868405,1
2018GQ0050467,1
2018HU1161466,1
2018HU0047070,1
2018HU0724314,1
2018HU0964832,1
2018HU0559763,1
2018HU1269023,1
2018GQ0125958,0
2018HU0939435,1
2018HU1010358,1
2018HU0909440,1
2018HU0217579,0
2018HU1220043,1
2018HU1375915,1
2018HU1319683,0
2018HU0804864,0
2018HU0487439,1
2018HU0411971,1
2018HU0516129,1
2018HU1357742,1
2018HU0642897,1
2018HU1325141,1
2018HU1148350,1
2018HU0357023,1
2018HU0778022,1
2018GQ0096215,1
2018HU1216728,0
2018HU1305589,1
2018HU0992492,1
2018HU0771033,0
2018HU0892971,1
2018GQ0024103,1
2018HU0796496,1
2018HU1280217,1
2018HU0508763,1
2018HU0221886,0
2018HU0787008,0
2018HU0409176,0
2018HU0116548,1
2018HU0303409,1
2018HU0869341,1
2018HU0248278,0
2018HU0481566,1
2018HU0858788,0
2018HU0611023,1
2018HU0663672,1
2018HU0695582,1
2018HU0781647,0
2018HU0978482,1
2018HU0207149,1
2018HU0478468,1
2018HU0780630,1
2018HU1099767,1
2018HU0063747,0
2018HU0320154,1
2018HU0924783,1
2018HU0834919,1
2018HU0226954,1
2018GQ0054380,1
2018HU0923179,1
2018HU0057118,1
2018HU0173781,1
2018HU0897700,1
2018HU0808704,0
2018HU1100524,1
2018HU0215481,1
2018HU1223133,1
2018HU0820204,1
2018HU0323005,0
2018HU0808130,1
2018HU0869341,1
2018HU1237206,1
2018HU1234593,0
2018HU0075439,1
2018HU1302191,1
2018HU0454052,0
2018HU0998065,0
2018HU0279631,1
2018HU0804455,1
2018HU1125831,1
2018GQ0102782,1
2018HU0874254,1
2018GQ0111005,1
2018HU0996939,1
2018HU0873650,0
2018HU0250097,1
2018HU1147676,1
2018HU0888193,1
2018HU0026582,1
2018HU0673751,1
2018HU1199597,1
2018HU0758358,1
2018HU0062297,1
2018HU0730856,1
2018HU0978178,1
2018HU1238560,1
2018GQ0061741,1
2018HU0877711,1
2018HU0422161,1
2018HU0743918,0
2018HU0860655,1
2018HU0368674,1
2018HU0444572,1
2018HU0856169,1
2018HU0246014,1
2018HU1105156,0
2018HU0165353,1
2018HU0386016,1
2018HU0377322,1
2018HU1136674,0
2018HU0276631,1
2018HU0148979,1
2018HU1203656,1
2018HU1343009,1
2018HU0631297,0
2018HU0070276,1
2018HU0009453,1
2018HU0283322,1
2018HU1353044,1
2018HU0489577,1
2018HU0303409,1
2018GQ0136459,1
2018HU0985044,1
2018HU0354695,1
2018HU0192619,1
2018HU1284558,1
2018HU1184835,1
2018HU1380288,1
2018HU1001421,1
2018HU0791538,1
2018HU0343809,1
2018HU0885243,1
2018HU0571325,1
2018HU1238410,1
2018GQ0042634,1
2018HU0851499,1
2018HU0989001,1
2018HU0830770,1
2018HU0960861,1
2018HU0973525,1
2018HU0343512,1
2018HU0930543,0
2018HU1182300,1
2018HU1331810,1
2018HU1127890,1
2018HU0430162,1
2018HU0104182,1
2018HU0157842,1
2018HU1258889,1
2018HU0374104,0
2018HU0860295,1
2018HU0150637,0
2018HU0133748,1
2018HU1346046,1
2018HU0566805,1
2018HU0979655,1
2018HU0556094,1
2018HU0401725,1
2018HU0448197,1
2018GQ0041021,0
2018HU0041544,1
2018HU0377292,1
2018HU1225729,1
2018HU0017547,1
2018HU0448489,1
2018HU0532645,1
2018HU1220188,1
2018HU0881694,1
2018HU1158412,1
2018HU1133612,0
2018HU0991385,1
2018HU0166560,1
2018HU0299510,1
2018HU1208075,1
2018HU0916744,1
2018HU0958301,1
2018HU0067759,1
2018HU0126326,1
2018HU0167773,0
2018HU0959642,1
2018HU1045992,1
2018HU0195534,1
2018HU0892444,0
2018HU0181998,1
2018HU0838662,1
2018GQ0149537,1
2018HU0799615,1
2018HU0954847,1
2018HU0298854,1
2018HU1099914,1
2018HU1047372,0
2018HU0434176,1
2018HU0537664,1
2018HU1057074,1
2018HU1305031,1
2018HU0145746,1
2018HU0905001,1
2018HU0377429,1
2018HU1147994,1
2018GQ0111678,1
2018HU0311476,1
2018HU0911777,1
2018HU0913626,0
2018HU1186506,1
2018HU0795887,1
2018HU0215481,1
2018HU0378700,0
2018HU1222486,1
2018HU0571805,1
2018GQ0056874,1
2018HU0799351,1
2018HU0108491,1
2018HU0830082,1
2018HU1303620,0
2018HU0509349,1
2018HU0848752,1
2018HU0397910,1
2018HU1081471,0
2018HU0783400,1
2018HU0585903,1
2018GQ0006097,0
2018HU0767218,1
2018HU0381053,1
2018HU0765528,0
2018HU1146200,1
2018HU1224073,1
2018HU0918909,1
2018HU0421455,1
2018HU1294269,1
2018HU0578628,1
2018HU0513899,0
2018HU0592921,1
2018HU1340585,1
2018HU0015231,1
2018HU1041911,1
2018GQ0058608,1
2018HU1236952,1
2018HU1366677,1
2018HU0467484,1
2018HU0135605,1
2018HU1310784,1
2018HU1332020,0
2018HU0637906,1
2018HU0650371,1
2018HU0257449,1
2018HU0425076,1
2018HU0841770,0
2018HU0154492,1
2018HU1394936,1
2018HU0934915,1
2018HU0094281,1
2018HU1051896,1
2018HU1246554,0
2018HU1220822,1
2018HU1247313,1
2018HU0107015,1
2018HU0979655,1
2018HU1226819,1
2018GQ0081139,1
2018HU0423535,0
2018HU0319092,1
2018HU0047923,1
2018HU0368160,1
2018HU0185094,1
2018HU1331811,1
2018HU0835667,1
2018HU0571854,1
2018HU0047648,1
2018HU0341872,1
2018HU0275961,1
2018HU0192671,1
2018HU0682587,1
2018HU0301408,0
2018HU0734351,1
2018HU0743918,0
2018HU0273896,1
2018HU0240804,1
2018HU1249125,1
2018HU0342853,0
2018HU0191771,0
2018GQ0019347,0
2018HU1343438,1
2018HU1269023,1
2018HU0113401,1
2018HU0720911,0
2018HU0528852,1
2018HU1366243,1
2018HU0909176,1
2018HU0135605,1
2018HU1149127,1
2018HU0815821,1
2018HU0410898,1
2018HU0594038,1
2018HU0922144,1
2018HU1196393,0
2018HU0636939,0
2018HU1218730,0
2018HU0329981,1
2018HU0830621,1
2018HU1068303,1
2018HU1330145,0
2018HU0153786,1
2018HU0502328,1
2018HU0432572,0
2018HU0080761,1
2018HU0325658,1
2018HU0154660,1
2018GQ0134489,1
2018HU0707826,1
2018HU1292888,1
2018HU0329981,0
2018HU0327732,1
2018HU0443077,1
2018HU0796994,1
2018HU0323745,0
2018HU0220731,1
2018HU0353321,1
2018HU0998155,1
2018HU0187902,1
2018HU1226185,1
2018HU0066781,1
2018HU0403734,1
2018HU1252539,1
2018HU1257456,1
2018HU0576610,1
2018HU1140685,1
2018HU0839526,1
2018HU0302467,1
2018HU1220872,0
2018HU0763175,1
2018HU1045819,0
2018HU0143485,1
2018HU0467850,1
2018HU0156397,1
2018HU0393897,1
2018HU1019694,1
2018HU0500089,1
2018HU0480799,1
2018HU1336515,1
2018HU1123330,1
2018HU1317443,1
2018HU0883581,1
2018HU1314771,1
2018HU0428060,0
2018HU0457599,1
2018HU0485216,1
2018HU0453688,0
2018HU0028722,0
2018HU1393263,1
2018HU1242179,1
2018GQ0048013,1
2018HU1273590,0
2018HU0111651,0
2018HU0885585,1
2018HU1270520,1
2018HU1393182,1
2018GQ0090200,1
2018HU0036443,1
2018HU0267631,1
2018HU0319047,1
2018HU0784234,1
2018HU1310560,1
2018HU0856150,1
2018HU0660503,1
2018HU1365926,1
2018GQ0086823,1
2018HU0930230,1
2018HU1299876,1
2018HU0958301,0
2018HU0054643,1
2018HU0638653,1
2018HU0184809,0
2018HU1359315,1
2018HU0505978,1
2018HU0042923,1
2018HU0229344,1
2018HU1032397,1
2018HU1081603,1
2018HU0287473,1
2018HU0972934,0
2018GQ0078102,1
2018HU0153138,1
2018HU0721036,1
2018HU0809187,0
2018HU0575681,1
2018HU0664906,1
2018HU0902501,1
2018HU0428134,1
